Sit Amet Consectetuer Adipiscing Elit Aliquam,"Lorem ipsum dolor sit amet, consectetur adipiscing elit. Quisque iaculis lectus enim, nec congue velit posuere vitae. Praesent a libero ac odio sagittis pulvinar ac non leo. Phasellus non malesuada velit. Pellentesque lacus mauris, suscipit porta nisl at, luctus sollicitudin libero. Class aptent taciti sociosqu ad litora torquent per conubia nostra, per inceptos himenaeos. Etiam non sollicitudin est. "Sodales Purus In Molestie,"Nulla cursus sodales aliquet. Vestibulum scelerisque sodales venenatis. Etiam pretium erat in risus blandit, sed convallis elit pretium. Sed euismod mi sit amet massa egestas, id sollicitudin ex placerat. Interdum et malesuada fames ac ante ipsum primis in faucibus. 
"Quis Pede Suspendisse Dui,"Nunc elementum orci non scelerisque aliquet. Fusce auctor ante non sem commodo malesuada. Proin et est ut tortor gravida aliquam. Donec vehicula risus nisl, placerat egestas nisi sodales non. Ut dapibus et lorem vitae consectetur. Vestibulum sollicitudin urna quis lobortis maximus. Suspendisse varius molestie tempus. Quisque dui arcu, cursus id quam a, maximus bibendum nisi. 
"Tristique Neque Venenatis Lacus Etiam,"Cras pulvinar maximus nunc, at mattis odio facilisis ut. Donec fermentum metus tortor, eget sollicitudin lectus auctor eu. Cras id malesuada erat. Vivamus congue hendrerit varius. Nullam ut massa nibh. Duis varius sapien mi. Ut mollis pharetra leo. Cras finibus ornare quam, nec suscipit turpis scelerisque congue. Pellentesque convallis ornare volutpat. Mauris porttitor, leo vel sagittis facilisis, leo metus sodales tortor, sed molestie nunc elit non metus.

"Egestas Sed Pharetra Felis Eget Varius,"Maecenas nisi leo, ornare ac lacus ut, iaculis venenatis lacus. Phasellus risus lacus, blandit et sem eget, consequat sagittis arcu. Nulla posuere augue ut ante elementum cursus. Aenean mattis finibus pretium. Vestibulum placerat in urna nec vulputate. Suspendisse fringilla congue lectus ac semper. Cum sociis natoque penatibus et magnis dis parturient montes, nascetur ridiculus mus. Donec nec diam a nisl eleifend imperdiet. Vivamus sit amet fermentum eros. Proin sit amet consectetur velit."Morbi Metus Vivamus Euismod,"Duis vulputate, nulla sed gravida congue, justo odio consectetur turpis, quis blandit sapien sapien ac lacus. Nulla sit amet dui quis est interdum sollicitudin eget nec diam. Sed nec leo viverra, porta massa eu, elementum lectus. Pellentesque consequat convallis nisl, vel fringilla dolor placerat sed. Aliquam aliquet placerat cursus. Pellentesque id ornare nunc, et laoreet lorem. Nullam felis ex, euismod sed magna ac, bibendum placerat magna."Suspendisse Ac Metus Vitae Velit,"Morbi tincidunt molestie rhoncus. Mauris nibh mauris, laoreet ut faucibus non, aliquet eu libero. Sed hendrerit vel mauris dapibus ultricies. Aenean posuere leo ante, id porta ante aliquet id. Quisque ultricies libero odio, ut fermentum augue accumsan in. In diam dolor, convallis a mi eget, elementum varius eros. Proin cursus pretium maximus. Proin metus ex, consectetur quis sapien mollis, scelerisque lobortis odio."Elementum Purus Accumsan Interdum,"Fusce luctus quam a arcu gravida malesuada. Aliquam erat volutpat. Praesent mattis pharetra elit, non hendrerit est suscipit quis. Duis libero lorem, vulputate id diam vel, volutpat ultricies mauris. Maecenas eleifend vitae quam quis fringilla. Donec mauris ipsum, porta a finibus faucibus, dignissim vel neque. Lorem ipsum dolor sit amet, consectetur adipiscing elit. Praesent malesuada lobortis ex et consectetur. Curabitur vel leo ac tortor tristique aliquam id eget tortor. "Natoque Penatibus Et Magnis Dis,"Pellentesque dui ex, vehicula eget mi id, faucibus imperdiet leo. Aliquam sapien sapien, dapibus at facilisis eget, condimentum id tortor. Suspendisse ex libero, rutrum ac accumsan eget, dapibus eu magna. Quisque pharetra nisi eu risus semper, molestie volutpat nibh sodales. Integer interdum tortor auctor ante fringilla porta."Semper Rutrum Fusce Dolor Quam,"Vestibulum mollis sapien eget magna placerat, ac mollis augue ultricies. Mauris erat lacus, condimentum in tincidunt in, viverra eu odio. In hac habitasse platea dictumst. Suspendisse in egestas neque, molestie viverra odio. Pellentesque metus elit, finibus sed tincidunt dictum, bibendum et libero. Sed justo velit, ultricies non efficitur sit amet, sodales sit amet lectus. Praesent mattis enim id ipsum sollicitudin tincidunt. "Tempor Erat Neque Non Quam Pellentesque,"Lorem ipsum dolor sit amet, consectetur adipiscing elit. Quisque iaculis lectus enim, nec congue velit posuere vitae. Praesent a libero ac odio sagittis pulvinar ac non leo. Phasellus non malesuada velit. Pellentesque lacus mauris, suscipit porta nisl at, luctus sollicitudin libero. Class aptent taciti sociosqu ad litora torquent per conubia nostra, per inceptos himenaeos. Etiam non sollicitudin est. "Scelerisque Lorem Ipsum Sodales Purus In,"Nulla cursus sodales aliquet. Vestibulum scelerisque sodales venenatis. Etiam pretium erat in risus blandit, sed convallis elit pretium. Sed euismod mi sit amet massa egestas, id sollicitudin ex placerat. Interdum et malesuada fames ac ante ipsum primis in faucibus. 
"Morbi Tristique Senectus Et Netus Et,"Nunc elementum orci non scelerisque aliquet. Fusce auctor ante non sem commodo malesuada. Proin et est ut tortor gravida aliquam. Donec vehicula risus nisl, placerat egestas nisi sodales non. Ut dapibus et lorem vitae consectetur. Vestibulum sollicitudin urna quis lobortis maximus. Suspendisse varius molestie tempus. Quisque dui arcu, cursus id quam a, maximus bibendum nisi. 
"Nec Euismod In,"Cras pulvinar maximus nunc, at mattis odio facilisis ut. Donec fermentum metus tortor, eget sollicitudin lectus auctor eu. Cras id malesuada erat. Vivamus congue hendrerit varius. Nullam ut massa nibh. Duis varius sapien mi. Ut mollis pharetra leo. Cras finibus ornare quam, nec suscipit turpis scelerisque congue. Pellentesque convallis ornare volutpat. Mauris porttitor, leo vel sagittis facilisis, leo metus sodales tortor, sed molestie nunc elit non metus.

"Orci Sem Eget,"Maecenas nisi leo, ornare ac lacus ut, iaculis venenatis lacus. Phasellus risus lacus, blandit et sem eget, consequat sagittis arcu. Nulla posuere augue ut ante elementum cursus. Aenean mattis finibus pretium. Vestibulum placerat in urna nec vulputate. Suspendisse fringilla congue lectus ac semper. Cum sociis natoque penatibus et magnis dis parturient montes, nascetur ridiculus mus. Donec nec diam a nisl eleifend imperdiet. Vivamus sit amet fermentum eros. Proin sit amet consectetur velit."Mauris Ut Mi Duis Risus Odio,"Duis vulputate, nulla sed gravida congue, justo odio consectetur turpis, quis blandit sapien sapien ac lacus. Nulla sit amet dui quis est interdum sollicitudin eget nec diam. Sed nec leo viverra, porta massa eu, elementum lectus. Pellentesque consequat convallis nisl, vel fringilla dolor placerat sed. Aliquam aliquet placerat cursus. Pellentesque id ornare nunc, et laoreet lorem. Nullam felis ex, euismod sed magna ac, bibendum placerat magna."Lorem Ac Risus Morbi,"Morbi tincidunt molestie rhoncus. Mauris nibh mauris, laoreet ut faucibus non, aliquet eu libero. Sed hendrerit vel mauris dapibus ultricies. Aenean posuere leo ante, id porta ante aliquet id. Quisque ultricies libero odio, ut fermentum augue accumsan in. In diam dolor, convallis a mi eget, elementum varius eros. Proin cursus pretium maximus. Proin metus ex, consectetur quis sapien mollis, scelerisque lobortis odio."Tincidunt Donec Vitae Erat,"Fusce luctus quam a arcu gravida malesuada. Aliquam erat volutpat. Praesent mattis pharetra elit, non hendrerit est suscipit quis. Duis libero lorem, vulputate id diam vel, volutpat ultricies mauris. Maecenas eleifend vitae quam quis fringilla. Donec mauris ipsum, porta a finibus faucibus, dignissim vel neque. Lorem ipsum dolor sit amet, consectetur adipiscing elit. Praesent malesuada lobortis ex et consectetur. Curabitur vel leo ac tortor tristique aliquam id eget tortor. "Amet Risus Donec Egestas,"Pellentesque dui ex, vehicula eget mi id, faucibus imperdiet leo. Aliquam sapien sapien, dapibus at facilisis eget, condimentum id tortor. Suspendisse ex libero, rutrum ac accumsan eget, dapibus eu magna. Quisque pharetra nisi eu risus semper, molestie volutpat nibh sodales. Integer interdum tortor auctor ante fringilla porta."Vitae Odio Sagittis Semper,"Vestibulum mollis sapien eget magna placerat, ac mollis augue ultricies. Mauris erat lacus, condimentum in tincidunt in, viverra eu odio. In hac habitasse platea dictumst. Suspendisse in egestas neque, molestie viverra odio. Pellentesque metus elit, finibus sed tincidunt dictum, bibendum et libero. Sed justo velit, ultricies non efficitur sit amet, sodales sit amet lectus. Praesent mattis enim id ipsum sollicitudin tincidunt. "Suspendisse Ac Metus Vitae Velit Egestas,"Lorem ipsum dolor sit amet, consectetur adipiscing elit. Quisque iaculis lectus enim, nec congue velit posuere vitae. Praesent a libero ac odio sagittis pulvinar ac non leo. Phasellus non malesuada velit. Pellentesque lacus mauris, suscipit porta nisl at, luctus sollicitudin libero. Class aptent taciti sociosqu ad litora torquent per conubia nostra, per inceptos himenaeos. Etiam non sollicitudin est. "Quis Massa Mauris Vestibulum,"Nulla cursus sodales aliquet. Vestibulum scelerisque sodales venenatis. Etiam pretium erat in risus blandit, sed convallis elit pretium. Sed euismod mi sit amet massa egestas, id sollicitudin ex placerat. Interdum et malesuada fames ac ante ipsum primis in faucibus. 
"Erat Nonummy Ultricies Ornare,"Nunc elementum orci non scelerisque aliquet. Fusce auctor ante non sem commodo malesuada. Proin et est ut tortor gravida aliquam. Donec vehicula risus nisl, placerat egestas nisi sodales non. Ut dapibus et lorem vitae consectetur. Vestibulum sollicitudin urna quis lobortis maximus. Suspendisse varius molestie tempus. Quisque dui arcu, cursus id quam a, maximus bibendum nisi. 
"Quis Turpis Vitae Purus,"Cras pulvinar maximus nunc, at mattis odio facilisis ut. Donec fermentum metus tortor, eget sollicitudin lectus auctor eu. Cras id malesuada erat. Vivamus congue hendrerit varius. Nullam ut massa nibh. Duis varius sapien mi. Ut mollis pharetra leo. Cras finibus ornare quam, nec suscipit turpis scelerisque congue. Pellentesque convallis ornare volutpat. Mauris porttitor, leo vel sagittis facilisis, leo metus sodales tortor, sed molestie nunc elit non metus.

"Suspendisse Dui Fusce Diam,"Maecenas nisi leo, ornare ac lacus ut, iaculis venenatis lacus. Phasellus risus lacus, blandit et sem eget, consequat sagittis arcu. Nulla posuere augue ut ante elementum cursus. Aenean mattis finibus pretium. Vestibulum placerat in urna nec vulputate. Suspendisse fringilla congue lectus ac semper. Cum sociis natoque penatibus et magnis dis parturient montes, nascetur ridiculus mus. Donec nec diam a nisl eleifend imperdiet. Vivamus sit amet fermentum eros. Proin sit amet consectetur velit."Proin Velit Sed,"Duis vulputate, nulla sed gravida congue, justo odio consectetur turpis, quis blandit sapien sapien ac lacus. Nulla sit amet dui quis est interdum sollicitudin eget nec diam. Sed nec leo viverra, porta massa eu, elementum lectus. Pellentesque consequat convallis nisl, vel fringilla dolor placerat sed. Aliquam aliquet placerat cursus. Pellentesque id ornare nunc, et laoreet lorem. Nullam felis ex, euismod sed magna ac, bibendum placerat magna."Pellentesque Habitant Morbi Tristique Senectus Et,"Morbi tincidunt molestie rhoncus. Mauris nibh mauris, laoreet ut faucibus non, aliquet eu libero. Sed hendrerit vel mauris dapibus ultricies. Aenean posuere leo ante, id porta ante aliquet id. Quisque ultricies libero odio, ut fermentum augue accumsan in. In diam dolor, convallis a mi eget, elementum varius eros. Proin cursus pretium maximus. Proin metus ex, consectetur quis sapien mollis, scelerisque lobortis odio."Ac Nulla In Tincidunt Congue Turpis,"Fusce luctus quam a arcu gravida malesuada. Aliquam erat volutpat. Praesent mattis pharetra elit, non hendrerit est suscipit quis. Duis libero lorem, vulputate id diam vel, volutpat ultricies mauris. Maecenas eleifend vitae quam quis fringilla. Donec mauris ipsum, porta a finibus faucibus, dignissim vel neque. Lorem ipsum dolor sit amet, consectetur adipiscing elit. Praesent malesuada lobortis ex et consectetur. Curabitur vel leo ac tortor tristique aliquam id eget tortor. "Risus Nulla Eget,"Pellentesque dui ex, vehicula eget mi id, faucibus imperdiet leo. Aliquam sapien sapien, dapibus at facilisis eget, condimentum id tortor. Suspendisse ex libero, rutrum ac accumsan eget, dapibus eu magna. Quisque pharetra nisi eu risus semper, molestie volutpat nibh sodales. Integer interdum tortor auctor ante fringilla porta."
